#,Fix,print,output,for,fix,extra
4143.075124,57.10648,0.145475450219357
4143.075124,57.10648,0.145475449985203
4143.075124,57.10648,0.145475449294089
4143.13727059296,57.10648,0.145473266031968
4143.13727059296,57.10648,-11.1833677321076
4143.13727059296,57.10648,-11.183341932661
4143.13727059296,57.10648,-11.183290349579
4143.13727059296,57.10648,-11.1832130176749
4143.13727059296,57.10648,-11.1831099890942
4143.13727059296,57.10648,-11.1829813332663
4143.13727059296,57.10648,-11.1828271368324
4143.13727059296,57.10648,-11.1826475034773
4143.13727059296,57.10648,-11.1824425538089
4143.3444326355,57.10648,-11.1816533286095
4143.3444326355,57.10648,-48.9491305473542
4143.3444326355,57.10648,-48.948764430256
4143.3444326355,57.10648,-48.9482876610879
4143.3444326355,57.10648,-48.9477005587632
4143.3444326355,57.10648,-48.9470035157961
4143.3444326355,57.10648,-48.946196997734
4143.3444326355,57.10648,-48.9452815425876
4143.3444326355,57.10648,-48.9442577600948
4143.3444326355,57.10648,-48.9431263309206
4143.55160503639,57.10648,-48.9394409725618
4143.55160503639,57.10648,-86.7144267699784
4143.55160503639,57.10648,-86.7128907316747
4143.55160503639,57.10648,-86.711164421807
4143.55160503639,57.10648,-86.7092489781068
4143.55160503639,57.10648,-86.7071456605491
4143.55160503639,57.10648,-86.704855849744
4143.55160503639,57.10648,-86.7023810451128
4143.55160503639,57.10648,-86.6997228629194
4143.55160503639,57.10648,-86.6968830341709
4143.75878779617,57.10648,-86.6895288175251
4143.75878779617,57.10648,-124.471255495138
4143.75878779617,57.10648,-124.467795243504
4143.75878779617,57.10648,-124.464075285725
4143.75878779617,57.10648,-124.460098009084
4143.75878779617,57.10648,-124.455865958109
4143.75878779617,57.10648,-124.451381831297
4143.75878779617,57.10648,-124.446648477595
4143.75878779617,57.10648,-124.441668892727
4143.75878779617,57.10648,-124.436446215347
4143.96598091535,57.10648,-124.424762329361
4143.96598091535,57.10648,-162.212575322729
4143.96598091535,57.10648,-162.206555889308
4143.96598091535,57.10648,-162.200221144495
4143.96598091535,57.10648,-162.193574999083
4143.96598091535,57.10648,-162.186621538376
4143.96598091535,57.10648,-162.179365017003
4143.96598091535,57.10648,-162.171809853501
4143.96598091535,57.10648,-162.163960624769
4143.96598091535,57.10648,-162.155822060285
4144.17318439444,57.10648,-162.139291868894
4144.17318439444,57.10648,-199.932679258971
4144.17318439444,57.10648,-199.92361399918
4144.17318439444,57.10648,-199.914193581791
4144.17318439444,57.10648,-199.904423530327
4144.17318439444,57.10648,-199.894309541149
4144.17318439444,57.10648,-199.883857476442
4144.17318439444,57.10648,-199.873073356996
4144.17318439444,57.10648,-199.861963354826
4144.17318439444,57.10648,-199.85053378567
4144.38039823396,57.10648,-199.82879941151
4144.38039823396,57.10648,-237.627411421847
4144.38039823396,57.10648,-237.61497295754
4144.38039823396,57.10648,-237.602155312693
4144.38039823396,57.10648,-237.588965529151
4144.38039823396,57.10648,-237.575410802756
4144.38039823396,57.10648,-237.561498474821
4144.38039823396,57.10648,-237.547236023457
4144.38039823396,57.10648,-237.532631054742
4144.38039823396,57.10648,-237.517691293821
4144.58762243443,57.10648,-237.490549751584
4144.58762243443,57.10648,-275.294186717087
4144.58762243443,57.10648,-275.278199618691
4144.58762243443,57.10648,-275.261823476866
4144.58762243443,57.10648,-275.245066602591
4144.58762243443,57.10648,-275.22793742905
4144.58762243443,57.10648,-275.210444502073
4144.58762243443,57.10648,-275.192596470555
4144.58762243443,57.10648,-275.174402076769
4144.58762243443,57.10648,-275.155870146691
4144.79485699637,57.10648,-275.123253073667
4144.79485699637,57.10648,-312.931844835911
4144.79485699637,57.10648,-312.912262602702
4144.79485699637,57.10648,-312.892292621761
4144.79485699637,57.10648,-312.871944119203
4144.79485699637,57.10648,-312.851226404331
4144.79485699637,57.10648,-312.830148859813
4144.79485699637,57.10648,-312.808720931725
4144.79485699637,57.10648,-312.786952119683
4144.79485699637,57.10648,-312.764851966983
4145.0021019203,57.10648,-312.726793320162
4145.0021019203,57.10648,-350.540370683654
4145.0021019203,57.10648,-350.517241749685
4145.0021019203,57.10648,-350.493733741388
4145.0021019203,57.10648,-350.469856402468
4145.0021019203,57.10648,-350.445619520042
4145.0021019203,57.10648,-350.421032915053
4145.0021019203,57.10648,-350.396106432632
4145.0021019203,57.10648,-350.370849932655
4145.0021019203,57.10648,-350.345273280253
4145.20935720674,57.10648,-350.301870805055
4145.20935720674,57.10648,-388.120524142893
4145.20935720674,57.10648,-388.093952882478
4145.20935720674,57.10648,-388.067014662077
4145.20935720674,57.10648,-388.039719363713
4145.20935720674,57.10648,-388.012076878014
4145.20935720674,57.10648,-387.984097095343
4145.20935720674,57.10648,-387.955789897082
4145.20935720674,57.10648,-387.927165146955
4145.20935720674,57.10648,-387.898232682473
4145.4166228562,57.10648,-387.84960934126
4145.4166228562,57.10648,-425.673450857747
4145.4166228562,57.10648,-425.643559714364
4145.4166228562,57.10648,-425.613313655403
4145.4166228562,57.10648,-425.582722392316
4145.4166228562,57.10648,-425.551795619667
4145.4166228562,57.10648,-425.520543007408
4145.4166228562,57.10648,-425.488974193231
4145.4166228562,57.10648,-425.457098775094
4145.4166228562,57.10648,-425.424926303795
4145.6238988692,57.10648,-425.37119718421
4145.6238988692,57.10648,-463.200339990736
4145.6238988692,57.10648,-463.167238015991
4145.6238988692,57.10648,-463.133790466283
4145.6238988692,57.10648,-463.100006677858
4145.6238988692,57.10648,-463.065895958098
4145.6238988692,57.10648,-463.031467576489
4145.6238988692,57.10648,-462.99673075871
4145.6238988692,57.10648,-462.961694680951
4145.6238988692,57.10648,-462.926368463351
4145.83118524626,57.10648,-462.867617204552
4145.83118524626,57.10648,-500.70214139307
4145.83118524626,57.10648,-500.665902878317
4145.83118524626,57.10648,-500.629323920792
4145.83118524626,57.10648,-500.592413399982
4145.83118524626,57.10648,-500.555180162865
4145.83118524626,57.10648,-500.517633018456
4145.83118524626,57.10648,-500.47978073252
4145.83118524626,57.10648,-500.44163202235
4145.83118524626,57.10648,-500.403195551633
4146.0384819879,57.10648,-500.339462326899
4146.0384819879,57.10648,-538.179396468455
4146.0384819879,57.10648,-538.140051274329
4146.0384819879,57.10648,-538.100366240036
4146.0384819879,57.10648,-538.060349814831
4146.0384819879,57.10648,-538.020010424036
4146.0384819879,57.10648,-537.979356463734
4146.0384819879,57.10648,-537.938396296519
4146.0384819879,57.10648,-537.897138247064
4146.0384819879,57.10648,-537.855590597674
4146.24578909463,57.10648,-537.786871568197
4146.24578909463,57.10648,-575.632197937895
4146.24578909463,57.10648,-575.589733012963
4146.24578909463,57.10648,-575.546925011178
4146.24578909463,57.10648,-575.503782065772
4146.24578909463,57.10648,-575.460312300828
4146.24578909463,57.10648,-575.416523826691
4146.24578909463,57.10648,-575.372424735734
4146.24578909463,57.10648,-575.328023098443
4146.24578909463,57.10648,-575.28332695927
4146.45310656698,57.10648,-575.209583134439
4146.45310656698,57.10648,-613.060249483308
4146.45310656698,57.10648,-613.014619226059
4146.45310656698,57.10648,-612.968640207196
4146.45310656698,57.10648,-612.922320407014
4146.45310656698,57.10648,-612.875667813976
4146.45310656698,57.10648,-612.828690419985
4146.45310656698,57.10648,-612.781396216475
4146.45310656698,57.10648,-612.733793190304
4146.45310656698,57.10648,-612.685889319559
4146.66043440546,57.10648,-612.607061450526
4146.66043440546,57.10648,-650.462996816342
4146.66043440546,57.10648,-650.414138681948
4146.66043440546,57.10648,-650.364925347097
4146.66043440546,57.10648,-650.315364809449
4146.66043440546,57.10648,-650.265465090271
4146.66043440546,57.10648,-650.215234230111
4146.66043440546,57.10648,-650.16468028432
4146.66043440546,57.10648,-650.113811318489
4146.66043440546,57.10648,-650.062635403838
4146.86777261059,57.10648,-649.978660867047
4146.86777261059,57.10648,-687.839792364121
4146.86777261059,57.10648,-687.787643666762
4146.86777261059,57.10648,-687.735134172485
4146.86777261059,57.10648,-687.682272036867
4146.86777261059,57.10648,-687.62906545052
4146.86777261059,57.10648,-687.575522634141
4146.86777261059,57.10648,-687.521651833376
4146.86777261059,57.10648,-687.467461313637
4146.86777261059,57.10648,-687.412959354903
4147.07512118289,57.10648,-687.323787197889
4147.07512118289,57.10648,-725.190051039485
4147.07512118289,57.10648,-725.134563247562
4147.07512118289,57.10648,-725.078711081677
4147.07512118289,57.10648,-725.02250294125
4147.07512118289,57.10648,-724.965947265743
4147.07512118289,57.10648,-724.909052528972
4147.07512118289,57.10648,-724.851827233347
4147.07512118289,57.10648,-724.794279903972
4147.07512118289,57.10648,-724.736419082807
4147.28248012288,57.10648,-724.6420203158
4147.28248012288,57.10648,-762.513378364322
4147.28248012288,57.10648,-762.454526218467
4147.28248012288,57.10648,-762.395308706833
4147.28248012288,57.10648,-762.335734492629
4147.28248012288,57.10648,-762.275812277502
4147.28248012288,57.10648,-762.215550795231
4147.28248012288,57.10648,-762.154958805305
4147.28248012288,57.10648,-762.09404508656
4147.28248012288,57.10648,-762.032818430645
4147.48984943108,57.10648,-761.933190023615
4147.48984943108,57.10648,-799.809632214849
4147.48984943108,57.10648,-799.747416430142
4147.48984943108,57.10648,-799.684836787788
4147.48984943108,57.10648,-799.621902173134
4147.48984943108,57.10648,-799.558621502995
4147.48984943108,57.10648,-799.495003718844
4147.48984943108,57.10648,-799.431057780028
4147.48984943108,57.10648,-799.366792656966
4147.48984943108,57.10648,-799.302217324339
4147.697229108,57.10648,-799.197379887017
4147.697229108,57.10648,-837.078919582988
4147.697229108,57.10648,-837.013363397734
4147.697229108,57.10648,-836.947446728699
4147.697229108,57.10648,-836.881178596921
4147.697229108,57.10648,-836.814568044688
4147.697229108,57.10648,-836.747624128512
4147.697229108,57.10648,-836.680355912237
4147.697229108,57.10648,-836.612772460102
4147.697229108,57.10648,-836.544882830548
4147.90461915416,57.10648,-836.434873281568
4147.90461915416,57.10648,-874.32153748708
4147.90461915416,57.10648,-874.252678581653
4147.90461915416,57.10648,-874.183463454059
4147.90461915416,57.10648,-874.113901153971
4147.90461915416,57.10648,-874.044000741403
4147.90461915416,57.10648,-873.973771279879
4147.90461915416,57.10648,-873.903221829577
4147.90461915416,57.10648,-873.832361440559
4147.90461915416,57.10648,-873.761199149541
4148.11201957009,57.10648,-873.646060567944
4148.11201957009,57.10648,-911.5378793628
4148.11201957009,57.10648,-911.465759465408
4148.11201957009,57.10648,-911.393287427479
4148.11201957009,57.10648,-911.320472225303
4148.11201957009,57.10648,-911.247322836502
4148.11201957009,57.10648,-911.173848233525
4148.11201957009,57.10648,-911.100057377095
4148.11201957009,57.10648,-911.025959210097
4148.11201957009,57.10648,-910.951562653858
4148.31943035629,57.10648,-910.831333886162
4148.31943035629,57.10648,-948.728334547177
4148.31943035629,57.10648,-948.652989268776
4148.31943035629,57.10648,-948.577294838097
4148.31943035629,57.10648,-948.501260083185
4148.31943035629,57.10648,-948.42489382802
4148.31943035629,57.10648,-948.34820488646
4148.31943035629,57.10648,-948.271202056169
4148.31943035629,57.10648,-948.193894112537
4148.31943035629,57.10648,-948.116289806265
4148.52685151329,57.10648,-947.990997112248
4148.52685151329,57.10648,-985.893203019657
4148.52685151329,57.10648,-985.814654133231
4148.52685151329,57.10648,-985.735757416334
4148.52685151329,57.10648,-985.65652151467
4148.52685151329,57.10648,-985.576955069049
4148.52685151329,57.10648,-985.497066709702
4148.52685151329,57.10648,-985.416865050647
4148.52685151329,57.10648,-985.336358684045
4148.52685151329,57.10648,-985.255556175998
4148.73428304162,57.10648,-985.125208567909
4148.73428304162,57.10648,-1023.03261634571
4148.73428304162,57.10648,-1022.95086796597
4148.73428304162,57.10648,-1022.86877127093
4148.73428304162,57.10648,-1022.78633473445
4148.73428304162,57.10648,-1022.70356682881
4148.73428304162,57.10648,-1022.6204760194
4148.73428304162,57.10648,-1022.53707075944
4148.73428304162,57.10648,-1022.45335948476
4148.73428304162,57.10648,-1022.36935060855
4148.94172494177,57.10648,-1022.23393954343
4148.94172494177,57.10648,-1060.14652835021
4148.94172494177,57.10648,-1060.06156748341
4148.94172494177,57.10648,-1059.97625629251
4148.94172494177,57.10648,-1059.89060312778
4148.94172494177,57.10648,-1059.80461634432
4148.94172494177,57.10648,-1059.71830429697
4148.94172494177,57.10648,-1059.63167533526
4148.94172494177,57.10648,-1059.54473779834
4148.94172494177,57.10648,-1059.45750000994
4149.14917721428,57.10648,-1059.317003099
4149.14917721428,57.10648,-1097.23474634802
4149.14917721428,57.10648,-1097.14654726462
4149.14917721428,57.10648,-1097.05799492609
4149.14917721428,57.10648,-1096.96909763086
4149.14917721428,57.10648,-1096.87986368998
4149.14917721428,57.10648,-1096.79030142209
4149.14917721428,57.10648,-1096.70041914831
4149.14917721428,57.10648,-1096.61022518715
4149.14917721428,57.10648,-1096.51972784953
4149.35663985967,57.10648,-1096.37411535738
4149.35663985967,57.10648,-1134.2969787518
4149.35663985967,57.10648,-1134.20550984636
4149.35663985967,57.10648,-1134.1136845885
4149.35663985967,57.10648,-1134.02151130178
4149.35663985967,57.10648,-1133.92899832962
4149.35663985967,57.10648,-1133.83615403012
4149.35663985967,57.10648,-1133.74298677076
4149.35663985967,57.10648,-1133.64950492329
4149.35663985967,57.10648,-1133.55571685844
4149.56411287844,57.10648,-1133.40495927579
4149.56411287844,57.10648,-1171.33290348991
4149.56411287844,57.10648,-1171.23813485199
4149.56411287844,57.10648,-1171.14300732366
4149.56411287844,57.10648,-1171.0475293178
4149.56411287844,57.10648,-1170.95170927233
4149.56411287844,57.10648,-1170.85555564463
4149.56411287844,57.10648,-1170.75907690618
4149.56411287844,57.10648,-1170.66228153686
4149.56411287844,57.10648,-1170.56517801955
4149.77159627113,57.10648,-1170.40925290869
4149.77159627113,57.10648,-1208.34224644856
4149.77159627113,57.10648,-1208.24415636629
4149.77159627113,57.10648,-1208.14570594855
4149.77159627113,57.10648,-1208.04690373544
4149.77159627113,57.10648,-1207.94775829437
4149.77159627113,57.10648,-1207.84827821394
4149.77159627113,57.10648,-1207.74847209815
4149.77159627113,57.10648,-1207.64834856052
4149.77159627113,57.10648,-1207.54791621818
4149.97909003824,57.10648,-1207.38681283607
4149.97909003824,57.10648,-1245.32483472488
4149.97909003824,57.10648,-1245.22341374547
4149.97909003824,57.10648,-1245.12163231596
4149.97909003824,57.10648,-1245.01949910946
4149.97909003824,57.10648,-1244.91702282504
4149.97909003824,57.10648,-1244.81421218157
4149.97909003824,57.10648,-1244.71107591148
4149.97909003824,57.10648,-1244.60762275456
4149.97909003824,57.10648,-1244.50386145175
4150.1865941803,57.10648,-1244.33758230441
4150.1865941803,57.10648,-1282.28062528306
4150.1865941803,57.10648,-1282.17587712501
4150.1865941803,57.10648,-1282.07076964612
4150.1865941803,57.10648,-1281.96531162715
4150.1865941803,57.10648,-1281.85951187109
4150.1865941803,57.10648,-1281.75337919642
4150.1865941803,57.10648,-1281.64692243073
4150.1865941803,57.10648,-1281.54015040445
4150.1865941803,57.10648,-1281.43307194441
4150.39410869783,57.10648,-1281.26163118429
4150.39410869783,57.10648,-1319.2096993822
4150.39410869783,57.10648,-1319.10163876259
4150.39410869783,57.10648,-1318.99322083203
4150.39410869783,57.10648,-1318.88445443154
4150.39410869783,57.10648,-1318.77534841838
4150.39410869783,57.10648,-1318.66591165964
4150.39410869783,57.10648,-1318.55615302584
4150.39410869783,57.10648,-1318.44608138449
4150.39410869783,57.10648,-1318.33570559368
4150.60163359135,57.10648,-1318.15912489177
4150.60163359135,57.10648,-1356.11222936556
4150.60163359135,57.10648,-1356.00087749566
4150.60163359135,57.10648,-1355.88917067155
4150.60163359135,57.10648,-1355.77711773629
4150.60163359135,57.10648,-1355.6647275434
4150.60163359135,57.10648,-1355.55200895052
4150.60163359135,57.10648,-1355.43897081305
4150.60163359135,57.10648,-1355.32562197782
4150.60163359135,57.10648,-1355.21197127677
4150.80916886136,57.10648,-1355.03027431309
4150.80916886136,57.10648,-1392.98841918081
4150.80916886136,57.10648,-1392.87379814491
4150.80916886136,57.10648,-1392.75882428701
4150.80916886136,57.10648,-1392.64350639844
4150.80916886136,57.10648,-1392.5278532763
4150.80916886136,57.10648,-1392.41187371735
4150.80916886136,57.10648,-1392.29557651179
4150.80916886136,57.10648,-1392.17897043709
4150.80916886136,57.10648,-1392.06206425014
4151.01671450841,57.10648,-1391.87527118519
4151.01671450841,57.10648,-1429.83847404012
4151.01671450841,57.10648,-1429.72060141787
4151.01671450841,57.10648,-1429.60237740655
4151.01671450841,57.10648,-1429.48381070787
4151.01671450841,57.10648,-1429.3649100268
4151.01671450841,57.10648,-1429.24568406559
4151.01671450841,57.10648,-1429.12614151788
4151.01671450841,57.10648,-1429.00629106168
4151.01671450841,57.10648,-1428.88614135565
4151.22427053299,57.10648,-1428.69426453718
4151.22427053299,57.10648,-1466.66252634851
4151.22427053299,57.10648,-1466.54141128928
4151.22427053299,57.10648,-1466.41994529696
4151.22427053299,57.10648,-1466.29813696917
4151.22427053299,57.10648,-1466.17599490677
4151.22427053299,57.10648,-1466.05352770809
4151.22427053299,57.10648,-1465.93074396338
4151.22427053299,57.10648,-1465.80765224738
4151.22427053299,57.10648,-1465.6842611182
4151.43183693563,57.10648,-1465.48730291359
4151.43183693563,57.10648,-1503.46061321974
4151.43183693563,57.10648,-1503.33625475685
4151.43183693563,57.10648,-1503.21154480795
4151.43183693563,57.10648,-1503.08649187719
4151.43183693563,57.10648,-1502.96110447417
4151.43183693563,57.10648,-1502.83539110851
4151.43183693563,57.10648,-1502.70936028439
4151.43183693563,57.10648,-1502.58302049413
4151.43183693563,57.10648,-1502.45638021466
4151.63941371685,57.10648,-1502.25433330863
4151.63941371685,57.10648,-1540.23266804574
4151.63941371685,57.10648,-1540.10505586614
4151.63941371685,57.10648,-1539.9770908424
4151.63941371685,57.10648,-1539.84878141603
4151.63941371685,57.10648,-1539.72013603837
4151.63941371685,57.10648,-1539.5911631648
4151.63941371685,57.10648,-1539.4618712493
4151.63941371685,57.10648,-1539.33226873931
4151.63941371685,57.10648,-1539.20236406864
4151.84700087718,57.10648,-1538.99521397207
4151.84700087718,57.10648,-1576.97854744868
4151.84700087718,57.10648,-1576.84766476459
4151.84700087718,57.10648,-1576.71642744694
4151.84700087718,57.10648,-1576.58484391827
4151.84700087718,57.10648,-1576.4529226153
4151.84700087718,57.10648,-1576.3206719834
4151.84700087718,57.10648,-1576.18810047117
4151.84700087718,57.10648,-1576.05521652504
4151.84700087718,57.10648,-1575.92202858434
4152.05459841712,57.10648,-1575.70975761634
4152.05459841712,57.10648,-1613.69806192244
4152.05459841712,57.10648,-1613.56388962815
4152.05459841712,57.10648,-1613.42936092644
4152.05459841712,57.10648,-1613.29448426541
4152.05459841712,57.10648,-1613.15926811113
4152.05459841712,57.10648,-1613.02372094236
4152.05459841712,57.10648,-1612.88785124504
4152.05459841712,57.10648,-1612.75166750674
4152.05459841712,57.10648,-1612.61517821121
4152.26220633719,57.10648,-1612.39776992866
4152.26220633719,57.10648,-1650.39102080501
4152.26220633719,57.10648,-1650.25354186752
4152.26220633719,57.10648,-1650.11570517541
4152.26220633719,57.10648,-1649.97751923718
4152.26220633719,57.10648,-1649.83899258218
4152.26220633719,57.10648,-1649.70013375494
4152.26220633719,57.10648,-1649.56095130951
4152.26220633719,57.10648,-1649.42145380371
4152.26220633719,57.10648,-1649.2816497935
4152.46982463792,57.10648,-1649.05909281098
4152.46982463792,57.10648,-1687.05727941995
4152.46982463792,57.10648,-1686.9164824713
4152.46982463792,57.10648,-1686.77532712929
4152.46982463792,57.10648,-1686.6338219816
4152.46982463792,57.10648,-1686.4919756375
4152.46982463792,57.10648,-1686.34979672203
4152.46982463792,57.10648,-1686.20729387009
4152.46982463792,57.10648,-1686.06447572068
4152.46982463792,57.10648,-1685.92135091071
4152.67745331983,57.10648,-1685.6936412797
4152.67745331983,57.10648,-1723.69675022838
4152.67745331983,57.10648,-1723.55263158853
4152.67745331983,57.10648,-1723.40815472315
4152.67745331983,57.10648,-1723.26332829787
4152.67745331983,57.10648,-1723.11816099878
4152.67745331983,57.10648,-1722.97266152631
4152.67745331983,57.10648,-1722.82683858923
4152.67745331983,57.10648,-1722.6807008986
4152.67745331983,57.10648,-1722.53425716162
4152.88509238343,57.10648,-1722.30139885275
4152.88509238343,57.10648,-1760.30942390665
4152.88509238343,57.10648,-1760.16198767995
4152.88509238343,57.10648,-1760.01419410616
4152.88509238343,57.10648,-1759.86605190965
4152.88509238343,57.10648,-1759.71756983249
4152.88509238343,57.10648,-1759.56875662824
4152.88509238343,57.10648,-1759.41962105579
4152.88509238343,57.10648,-1759.27017187328
4152.88509238343,57.10648,-1759.12041783187
4153.09274182924,57.10648,-1758.8824213499
4153.09274182924,57.10648,-1796.89536265489
4153.09274182924,57.10648,-1796.74461901479
4153.09274182924,57.10648,-1796.59351936317
4153.09274182924,57.10648,-1796.442072451
4153.09274182924,57.10648,-1796.29028704382
4153.09274182924,57.10648,-1796.13817191514
4153.09274182924,57.10648,-1795.98573584018
4153.09274182924,57.10648,-1795.83298758981
4153.09274182924,57.10648,-1795.67993592423
4153.30040165778,57.10648,-1795.43681550186
4153.30040165778,57.10648,-1833.45468804363
4153.30040165778,57.10648,-1833.30065022826
4153.30040165778,57.10648,-1833.14625785054
4153.30040165778,57.10648,-1832.99151965304
4153.30040165778,57.10648,-1832.83644438851
4153.30040165778,57.10648,-1832.68104081468
4153.30040165778,57.10648,-1832.52531768769
4153.30040165778,57.10648,-1832.36928375595
4153.30040165778,57.10648,-1832.21294775406
4153.50807186958,57.10648,-1831.9647178709
4153.50807186958,57.10648,-1869.98751612856
4153.50807186958,57.10648,-1869.83019693099
4153.50807186958,57.10648,-1869.67252438831
4153.50807186958,57.10648,-1869.51450720259
4153.50807186958,57.10648,-1869.35615408359
4153.50807186958,57.10648,-1869.19747374356
4153.50807186958,57.10648,-1869.03847489079
4153.50807186958,57.10648,-1868.87916622362
4153.50807186958,57.10648,-1868.71955642447
4153.71575246514,57.10648,-1868.46622850752
4153.71575246514,57.10648,-1906.49394703905
4153.71575246514,57.10648,-1906.33335563429
4153.71575246514,57.10648,-1906.1724116006
4153.71575246514,57.10648,-1906.01112357891
4153.71575246514,57.10648,-1905.84950021772
4153.71575246514,57.10648,-1905.68755016652
4153.71575246514,57.10648,-1905.52528206995
4153.71575246514,57.10648,-1905.36270456197
4153.71575246514,57.10648,-1905.19982625974
4153.923443445,57.10648,-1904.94140630818
4153.923443445,57.10648,-1942.97403764811
4153.923443445,57.10648,-1942.81017746644
4153.923443445,57.10648,-1942.64596473688
4153.923443445,57.10648,-1942.48140803576
4153.923443445,57.10648,-1942.31651594511
4153.923443445,57.10648,-1942.15129705003
4153.923443445,57.10648,-1941.98575993111
4153.923443445,57.10648,-1941.81991315971
4153.923443445,57.10648,-1941.65376529189
4154.13114480966,57.10648,-1941.39025292316
4154.13114480966,57.10648,-1979.42778821914
4154.13114480966,57.10648,-1979.26065631128
4154.13114480966,57.10648,-1979.09317132093
4154.13114480966,57.10648,-1978.92534176972
4154.13114480966,57.10648,-1978.75717618824
4154.13114480966,57.10648,-1978.5886831136
4154.13114480966,57.10648,-1978.41987107564
4154.13114480966,57.10648,-1978.25074859833
4154.13114480966,57.10648,-1978.08132419269
4154.33885655965,57.10648,-1977.81271324212
4154.33885655965,57.10648,-2015.85513735289
4154.33885655965,57.10648,-2015.68472527186
4154.33885655965,57.10648,-2015.51395912642
4154.33885655965,57.10648,-2015.34284740579
4154.33885655965,57.10648,-2015.1713986121
4154.33885655965,57.10648,-2014.99962125295
4154.33885655965,57.10648,-2014.82752383977
4154.33885655965,57.10648,-2014.65511487361
4154.33885655965,57.10648,-2014.48240284692
4154.54657869549,57.10648,-2014.2086832836
4154.54657869549,57.10648,-2052.25597603063
4154.54657869549,57.10648,-2052.08227195398
4154.54657869549,57.10648,-2051.90821264068
4154.54657869549,57.10648,-2051.73380657745
4154.54657869549,57.10648,-2051.55906226521
4154.54657869549,57.10648,-2051.383988214
4154.54657869549,57.10648,-2051.20859294066
4154.54657869549,57.10648,-2051.03288495494
4154.54657869549,57.10648,-2050.85687276004
4154.75431121769,57.10648,-2050.57803338054
4154.75431121769,57.10648,-2088.63017282093
4154.75431121769,57.10648,-2088.4531643213
4154.75431121769,57.10648,-2088.27579951044
4154.75431121769,57.10648,-2088.0980868989
4154.75431121769,57.10648,-2087.92003501407
4154.75431121769,57.10648,-2087.74165239658
4154.75431121769,57.10648,-2087.56294759219
4154.75431121769,57.10648,-2087.38392914304
4154.75431121769,57.10648,-2087.20460558851
4154.96205412678,57.10648,-2086.92063681677
4154.96205412678,57.10648,-2124.97760275868
4154.96205412678,57.10648,-2124.79727954231
4154.96205412678,57.10648,-2124.61659928241
4154.96205412678,57.10648,-2124.43557053362
4154.96205412678,57.10648,-2124.25420187138
4154.96205412678,57.10648,-2124.07250188134
4154.96205412678,57.10648,-2123.89047915368
4154.96205412678,57.10648,-2123.70814228223
4154.96205412678,57.10648,-2123.52549985621
4155.16980742328,57.10648,-2123.2363959811
4155.16980742328,57.10648,-2161.29817225255
4155.16980742328,57.10648,-2161.11452822044
4155.16980742328,57.10648,-2160.9305269051
4155.16980742328,57.10648,-2160.7461769184
4155.16980742328,57.10648,-2160.56148688164
4155.16980742328,57.10648,-2160.37646543251
4155.16980742328,57.10648,-2160.19112121591
4155.16980742328,57.10648,-2160.00546287764
4155.16980742328,57.10648,-2159.81949905869
4155.3775711077,57.10648,-2159.5252594272
4155.3775711077,57.10648,-2197.59183614141
4155.3775711077,57.10648,-2197.40487034147
4155.3775711077,57.10648,-2197.21754753876
4155.3775711077,57.10648,-2197.02987638588
4155.3775711077,57.10648,-2196.84186555511
4155.3775711077,57.10648,-2196.65352372992
4155.3775711077,57.10648,-2196.46485959924
4155.3775711077,57.10648,-2196.27588185179
4155.3775711077,57.10648,-2196.08659916999
4155.58534518056,57.10648,-2195.78722811643
4155.58534518056,57.10648,-2233.85860170183
4155.58534518056,57.10648,-2233.66831800568
4155.58534518056,57.10648,-2233.47767800281
4155.58534518056,57.10648,-2233.28669037986
4155.58534518056,57.10648,-2233.09536383864
4155.58534518056,57.10648,-2232.90370709097
4155.58534518056,57.10648,-2232.71172885255
4155.58534518056,57.10648,-2232.51943783523
4155.58534518056,57.10648,-2232.32684274225
4155.79312964239,57.10648,-2232.02234835471
4155.79312964239,57.10648,-2270.09851925389
4155.79312964239,57.10648,-2269.90492493
4155.79312964239,57.10648,-2269.71097522642
4155.79312964239,57.10648,-2269.51667883964
4155.79312964239,57.10648,-2269.32204447971
4155.79312964239,57.10648,-2269.12708086338
4155.79312964239,57.10648,-2268.93179670736
4155.79312964239,57.10648,-2268.73620072464
4155.79312964239,57.10648,-2268.54030161658
4156.0009244937,57.10648,-2268.23069369734
4156.0009244937,57.10648,-2306.31167257966
4156.0009244937,57.10648,-2306.11477615666
4156.0009244937,57.10648,-2305.91752527802
4156.0009244937,57.10648,-2305.71992862717
4156.0009244937,57.10648,-2305.52199489739
4156.0009244937,57.10648,-2305.32373278745
4156.0009244937,57.10648,-2305.12515099504
4156.0009244937,57.10648,-2304.92625821059
4156.0009244937,57.10648,-2304.72706311161
4156.20872973501,57.10648,-2304.41235085883
4156.20872973501,57.10648,-2342.49814431813
4156.20872973501,57.10648,-2342.29795327846
4156.20872973501,57.10648,-2342.09740848552
4156.20872973501,57.10648,-2341.8965185899
4156.20872973501,57.10648,-2341.69529225157
4156.20872973501,57.10648,-2341.49373813408
4156.20872973501,57.10648,-2341.29186489858
4156.20872973501,57.10648,-2341.08968119797
4156.20872973501,57.10648,-2340.88719567087
4156.41654536685,57.10648,-2340.56738564088
4156.41654536685,57.10648,-2378.65798848779
4156.41654536685,57.10648,-2378.45450734616
4156.41654536685,57.10648,-2378.25067278001
4156.41654536685,57.10648,-2378.04649339725
4156.41654536685,57.10648,-2377.84197781477
4156.41654536685,57.10648,-2377.63713465265
4156.41654536685,57.10648,-2377.43197252765
4156.41654536685,57.10648,-2377.22650004873
4156.41654536685,57.10648,-2377.02072581147
4156.62437138972,57.10648,-2376.69582062866
4156.62437138972,57.10648,-2414.79122419567
4156.62437138972,57.10648,-2414.58445338933
4156.62437138972,57.10648,-2414.3773290576
4156.62437138972,57.10648,-2414.16985976586
4156.62437138972,57.10648,-2413.96205408927
4156.62437138972,57.10648,-2413.7539206069
4156.62437138972,57.10648,-2413.54546789601
4156.62437138972,57.10648,-2413.3367045264
4156.62437138972,57.10648,-2413.12763905469
4156.83220780416,57.10648,-2412.79763712053
4156.83220780416,57.10648,-2450.89782921718
4156.83220780416,57.10648,-2450.68776502681
4156.83220780416,57.10648,-2450.47734682943
4156.83220780416,57.10648,-2450.26658315818
4156.83220780416,57.10648,-2450.05548255754
4156.83220780416,57.10648,-2449.84405357745
4156.83220780416,57.10648,-2449.63230476762
4156.83220780416,57.10648,-2449.42024467197
4156.83220780416,57.10648,-2449.20788182291
4157.04005461068,57.10648,-2448.87277803536
4157.04005461068,57.10648,-2486.97774292514
4157.04005461068,57.10648,-2486.76437837793
4157.04005461068,57.10648,-2486.55065909717
4157.04005461068,57.10648,-2486.33659360121
4157.04005461068,57.10648,-2486.12219042138
4157.04005461068,57.10648,-2485.90745809643
4157.04005461068,57.10648,-2485.69240516688
4157.04005461068,57.10648,-2485.47704016938
4157.04005461068,57.10648,-2485.26137163079
4157.24791180979,57.10648,-2484.92115889936
4157.24791180979,57.10648,-2523.03088354584
4157.24791180979,57.10648,-2522.81421003505
4157.24791180979,57.10648,-2522.59718100559
4157.24791180979,57.10648,-2522.3798049804
4157.24791180979,57.10648,-2522.16209049728
4157.24791180979,57.10648,-2521.94404610325
4157.24791180979,57.10648,-2521.72568034895
4157.24791180979,57.10648,-2521.50700178269
4157.24791180979,57.10648,-2521.28801894554
4157.45577940203,57.10648,-2520.94269007953
4157.45577940203,57.10648,-2559.05716167364
4157.45577940203,57.10648,-2558.83717087083
4157.45577940203,57.10648,-2558.61682389458
4157.45577940203,57.10648,-2558.39612928959
4157.45577940203,57.10648,-2558.17509561692
4157.45577940203,57.10648,-2557.9537314481
4157.45577940203,57.10648,-2557.73204535935
4157.45577940203,57.10648,-2557.51004592649
4157.45577940203,57.10648,-2557.28774171892
4157.66365738791,57.10648,-2556.93729123258
4157.66365738791,57.10648,-2595.0564935799
4157.66365738791,57.10648,-2594.83317916997
4157.66365738791,57.10648,-2594.60950820923
4157.66365738791,57.10648,-2594.38548927509
4157.66365738791,57.10648,-2594.16113096203
4157.66365738791,57.10648,-2593.9364418753
4157.66365738791,57.10648,-2593.71143062595
4157.66365738791,57.10648,-2593.48610582477
4157.66365738791,57.10648,-2593.26047607591
4157.87154576794,57.10648,-2592.90490148526
4157.87154576794,57.10648,-2631.02882149803
4157.87154576794,57.10648,-2630.80218033665
4157.87154576794,57.10648,-2630.57518259741
4157.87154576794,57.10648,-2630.34783689303
4157.87154576794,57.10648,-2630.12015185282
4157.87154576794,57.10648,-2629.89213611686
4157.87154576794,57.10648,-2629.66379833083
4157.87154576794,57.10648,-2629.435147139
4157.87154576794,57.10648,-2629.20619117876
4158.07944454266,57.10648,-2628.84549351228
4158.07944454266,57.10648,-2666.97412207595
4158.07944454266,57.10648,-2666.74415452963
4158.07944454266,57.10648,-2666.51383071468
4158.07944454266,57.10648,-2666.28315927304
4158.07944454266,57.10648,-2666.05214886191
4158.07944454266,57.10648,-2665.82080814903
4158.07944454266,57.10648,-2665.58914580568
4158.07944454266,57.10648,-2665.3571705
4158.07944454266,57.10648,-2665.12489089146
4158.28735371257,57.10648,-2664.7590743437
4158.28735371257,57.10648,-2702.89240384897
4158.28735371257,57.10648,-2702.65911328547
4158.28735371257,57.10648,-2702.42546700612
4158.28735371257,57.10648,-2702.19147366913
4158.28735371257,57.10648,-2701.9571419466
4158.28735371257,57.10648,-2701.72248051962
4158.28735371257,57.10648,-2701.48749806862
4158.28735371257,57.10648,-2701.25220327487
4158.28735371257,57.10648,-2701.01660480784
4158.4952732782,57.10648,-2700.64567566166
4158.4952732782,57.10648,-2738.78367446921
4158.4952732782,57.10648,-2738.54706606941
4158.4952732782,57.10648,-2738.31010260456
4158.4952732782,57.10648,-2738.07279273334
4158.4952732782,57.10648,-2737.83514512435
4158.4952732782,57.10648,-2737.59716845716
4158.4952732782,57.10648,-2737.3588714099
4158.4952732782,57.10648,-2737.12026265659
4158.4952732782,57.10648,-2736.88135085922
4158.70320324007,57.10648,-2736.50531597599
4158.70320324007,57.10648,-2774.647990805
4158.70320324007,57.10648,-2774.40807000369
4158.70320324007,57.10648,-2774.16779472442
4158.70320324007,57.10648,-2773.92717361073
4158.70320324007,57.10648,-2773.68621531864
4158.70320324007,57.10648,-2773.44492850803
4158.70320324007,57.10648,-2773.20332183931
4158.70320324007,57.10648,-2772.96140396567
4158.70320324007,57.10648,-2772.71918352787
4158.9111435987,57.10648,-2772.33804878057
4158.9111435987,57.10648,-2810.48539839757
4158.9111435987,57.10648,-2810.24216935887
4158.9111435987,57.10648,-2809.99858623304
4158.9111435987,57.10648,-2809.75465763741
4158.9111435987,57.10648,-2809.51039220024
4158.9111435987,57.10648,-2809.26579855433
4158.9111435987,57.10648,-2809.02088533117
4158.9111435987,57.10648,-2808.77566115574
4158.9111435987,57.10648,-2808.53013463991
4159.11909435461,57.10648,-2808.14390366993
4159.11909435461,57.10648,-2846.29592560305
4159.11909435461,57.10648,-2846.04939007916
4159.11909435461,57.10648,-2845.80250057638
4159.11909435461,57.10648,-2845.55526568208
4159.11909435461,57.10648,-2845.30769399391
4159.11909435461,57.10648,-2845.05979411444
4159.11909435461,57.10648,-2844.81157464504
4159.11909435461,57.10648,-2844.56304418011
4159.11909435461,57.10648,-2844.31421130214
4159.32705550831,57.10648,-2843.92288487514
4159.32705550831,57.10648,-2882.07956942424
4159.32705550831,57.10648,-2881.82972624706
4159.32705550831,57.10648,-2881.57952890767
4159.32705550831,57.10648,-2881.3289859658
4159.32705550831,57.10648,-2881.07810599252
4159.32705550831,57.10648,-2880.8268975644
4159.32705550831,57.10648,-2880.57536925776
4159.32705550831,57.10648,-2880.32352964266
4159.32705550831,57.10648,-2880.07138727778
4159.53502706033,57.10648,-2879.67496335653
4159.53502706033,57.10648,-2917.83629736459
4159.53502706033,57.10648,-2917.58314266268
4159.53502706033,57.10648,-2917.32963338252
4159.53502706033,57.10648,-2917.07577806557
4159.53502706033,57.10648,-2916.82158526607
4159.53502706033,57.10648,-2916.56706354486
4159.53502706033,57.10648,-2916.31222146369
4159.53502706033,57.10648,-2916.05706757956
4159.53502706033,57.10648,-2915.80161043874
4159.74300901119,57.10648,-2915.40008492373
4159.74300901119,57.10648,-2953.56605323687
4159.74300901119,57.10648,-2953.30958128269
4159.74300901119,57.10648,-2953.05275421273
4159.74300901119,57.10648,-2952.79558056372
4159.74300901119,57.10648,-2952.53806888605
4159.74300901119,57.10648,-2952.28022773811
4159.74300901119,57.10648,-2952.0220656806
4159.74300901119,57.10648,-2951.76359127081
4159.74300901119,57.10648,-2951.50481305672
4159.9510013614,57.10648,-2951.09818097395
4159.9510013614,57.10648,-2989.2687676861
4159.9510013614,57.10648,-2989.00897213922
4159.9510013614,57.10648,-2988.74882095268
4159.9510013614,57.10648,-2988.48832267143
4159.9510013614,57.10648,-2988.22748585526
4159.9510013614,57.10648,-2987.96631907321
4159.9510013614,57.10648,-2987.70483089773
4159.9510013614,57.10648,-2987.44302989906
4159.9510013614,57.10648,-2987.18092463913
4160.1590041115,57.10648,-2986.76918147413
4160.1590041115,57.10648,-3024.94437125377
4160.1590041115,57.10648,-3024.6812464845
4160.1590041115,57.10648,-3024.41776568873
4160.1590041115,57.10648,-3024.15393743025
4160.1590041115,57.10648,-3023.88977028848
4160.1590041115,57.10648,-3023.62527285277
4160.1590041115,57.10648,-3023.36045371666
4160.1590041115,57.10648,-3023.09532147203
4160.1590041115,57.10648,-3022.82988470296
4160.36701726199,57.10648,-3022.41302755191
4160.36701726199,57.10648,-3060.59280796321
4160.36701726199,57.10648,-3060.32635013357
4160.36701726199,57.10648,-3060.05953611217
4160.36701726199,57.10648,-3059.79237448706
4160.36701726199,57.10648,-3059.52487386217
4160.36701726199,57.10648,-3059.25704285143
4160.36701726199,57.10648,-3058.98889007306
4160.36701726199,57.10648,-3058.72042414339
4160.36701726199,57.10648,-3058.45165367181
4160.5750408134,57.10648,-3058.02968194773
4160.5750408134,57.10648,-3096.21404828653
4160.5750408134,57.10648,-3095.94425594761
4160.5750408134,57.10648,-3095.67410749888
4160.5750408134,57.10648,-3095.40361155345
4160.5750408134,57.10648,-3095.13277673839
4160.5750408134,57.10648,-3094.86161169031
4160.5750408134,57.10648,-3094.59012504944
4160.5750408134,57.10648,-3094.31832545384
4160.5750408134,57.10648,-3094.04622153409
4160.78307476624,57.10648,-3093.61913708241
4160.78307476624,57.10648,-3131.80807861896
4160.78307476624,57.10648,-3131.53495270202
4160.78307476624,57.10648,-3131.26147097576
4160.78307476624,57.10648,-3130.98764206804
4160.78307476624,57.10648,-3130.71347462188
4160.78307476624,57.10648,-3130.43897729009
4160.78307476624,57.10648,-3130.16415872698
4160.78307476624,57.10648,-3129.88902758467
4160.78307476624,57.10648,-3129.6135925057
4160.99111912105,57.10648,-3129.18139913624
4160.99111912105,57.10648,-3167.37493507517
4160.99111912105,57.10648,-3167.09847832259
4160.99111912105,57.10648,-3166.82166619137
4160.99111912105,57.10648,-3166.54450731717
4160.99111912105,57.10648,-3166.26701034855
4160.99111912105,57.10648,-3165.98918394068
4160.99111912105,57.10648,-3165.71103675313
4160.99111912105,57.10648,-3165.43257744009
4160.99111912105,57.10648,-3165.15381464517
4161.19917387833,57.10648,-3164.71651721405
4161.19917387833,57.10648,-3202.91461821186
4161.19917387833,57.10648,-3202.63483420447
4161.19917387833,57.10648,-3202.35469527091
4161.19917387833,57.10648,-3202.07421004219
4161.19917387833,57.10648,-3201.7933871617
4161.19917387833,57.10648,-3201.51223527835
4161.19917387833,57.10648,-3201.23076304201
4161.19917387833,57.10648,-3200.94897909894
4161.19917387833,57.10648,-3200.66689208288
4161.40723903861,57.10648,-3200.22449538521
4161.40723903861,57.10648,-3238.42714365601
4161.40723903861,57.10648,-3238.14403568592
4161.40723903861,57.10648,-3237.86057315398
4161.40723903861,57.10648,-3237.57676467668
4161.40723903861,57.10648,-3237.2926188823
4161.40723903861,57.10648,-3237.0081444043
4161.40723903861,57.10648,-3236.72334987455
4161.40723903861,57.10648,-3236.43824392237
4161.40723903861,57.10648,-3236.15283515975
4161.61531460241,57.10648,-3235.70534287544
4161.61531460241,57.10648,-3273.91253132458
4161.61531460241,57.10648,-3273.62610140514
4161.61531460241,57.10648,-3273.3393171172
4161.61531460241,57.10648,-3273.05218705688
4161.61531460241,57.10648,-3272.76471983149
4161.61531460241,57.10648,-3272.47692405352
4161.61531460241,57.10648,-3272.18880833119
4161.61531460241,57.10648,-3271.90038127152
4161.61531460241,57.10648,-3271.611651472
4161.82340057024,57.10648,-3271.15906546659
4161.82340057024,57.10648,-3309.37078505629
4161.82340057024,57.10648,-3309.08103327296
4161.82340057024,57.10648,-3308.79092710529
4161.82340057024,57.10648,-3308.50047512799
4161.82340057024,57.10648,-3308.20968592715
4161.82340057024,57.10648,-3307.91856808996
4161.82340057024,57.10648,-3307.62713020945
4161.82340057024,57.10648,-3307.33538087472
4161.82340057024,57.10648,-3307.04332865995
4162.03149694264,57.10648,-3306.58564870622
4162.03149694264,57.10648,-3344.80188922695
4162.03149694264,57.10648,-3344.50881359469
4162.03149694264,57.10648,-3344.21538336714
4162.03149694264,57.10648,-3343.92160710173
4162.03149694264,57.10648,-3343.62749336366
4162.03149694264,57.10648,-3343.33305073042
4162.03149694264,57.10648,-3343.03828778087
4162.03149694264,57.10648,-3342.7432130863
4162.03149694264,57.10648,-3342.44783520762
4162.23960372011,57.10648,-3341.98505925832
4162.23960372011,57.10648,-3380.20581720591
4162.23960372011,57.10648,-3379.90941402528
4162.23960372011,57.10648,-3379.61265590346
4162.23960372011,57.10648,-3379.31555138549
4162.23960372011,57.10648,-3379.0181090322
4162.23960372011,57.10648,-3378.7203374147
4162.23960372011,57.10648,-3378.42224510353
4162.23960372011,57.10648,-3378.12384066431
4162.23960372011,57.10648,-3377.82513265325
4162.44772090318,57.10648,-3377.35725752643
4162.44772090318,57.10648,-3415.58252088417
4162.44772090318,57.10648,-3415.28278549202
4162.44772090318,57.10648,-3414.98269476732
4162.44772090318,57.10648,-3414.6822572526
4162.44772090318,57.10648,-3414.38148151482
4162.44772090318,57.10648,-3414.08037612588
4162.44772090318,57.10648,-3413.77894965912
4162.44772090318,57.10648,-3413.47721068461
4162.44772090318,57.10648,-3413.1751677632
4162.65584849237,57.10648,-3412.70219006635
4162.65584849237,57.10648,-3450.9319446342
4162.65584849237,57.10648,-3450.62887234716
4162.65584849237,57.10648,-3450.32544438509
4162.65584849237,57.10648,-3450.02166930185
4162.65584849237,57.10648,-3449.7175556737
4162.65584849237,57.10648,-3449.41311208356
4162.65584849237,57.10648,-3449.1083471164
4162.65584849237,57.10648,-3448.80326935468
4162.65584849237,57.10648,-3448.4978873722
4162.8639864882,57.10648,-3448.01980442868
4162.8639864882,57.10648,-3486.25403754252
4162.8639864882,57.10648,-3485.94762455667
4162.8639864882,57.10648,-3485.64085568216
4162.8639864882,57.10648,-3485.33373949398
4162.8639864882,57.10648,-3485.02628457782
4162.8639864882,57.10648,-3484.71849953513
4162.8639864882,57.10648,-3484.41039296795
4162.8639864882,57.10648,-3484.10197347571
4162.8639864882,57.10648,-3483.79324964923
4163.0721348912,57.10648,-3483.31006020896
4163.0721348912,57.10648,-3521.54875829011
4163.0721348912,57.10648,-3521.2390023243
4163.0721348912,57.10648,-3520.92889043194
4163.0721348912,57.10648,-3520.61843120499
4163.0721348912,57.10648,-3520.30763324979
4163.0721348912,57.10648,-3519.99650517881
4163.0721348912,57.10648,-3519.6850556138
4163.0721348912,57.10648,-3519.37329317206
4163.0721348912,57.10648,-3519.06122646155
4163.28029370187,57.10648,-3518.57293103217
4163.28029370187,57.10648,-3556.81608272237
4163.28029370187,57.10648,-3556.5029832676
4163.28029370187,57.10648,-3556.18952802139
4163.28029370187,57.10648,-3555.87572559046
4163.28029370187,57.10648,-3555.56158459598
4163.28029370187,57.10648,-3555.24711366784
4163.28029370187,57.10648,-3554.93232143779
4163.28029370187,57.10648,-3554.61721653463
4163.28029370187,57.10648,-3554.3018075811
4163.48846292074,57.10648,-3553.80840832088
4163.48846292074,57.10648,-3592.05599134781
4163.48846292074,57.10648,-3591.73954947714
4163.48846292074,57.10648,-3591.42275208181
4163.48846292074,57.10648,-3591.10560777726
4163.48846292074,57.10648,-3590.78812519334
4163.48846292074,57.10648,-3590.47031296834
4163.48846292074,57.10648,-3590.15217974171
4163.48846292074,57.10648,-3589.83373414871
4163.48846292074,57.10648,-3589.51498481417
4163.69664254833,57.10648,-3589.01648503952
4163.69664254833,57.10648,-3627.26851550266
4163.69664254833,57.10648,-3626.94873330466
4163.69664254833,57.10648,-3626.62859590939
4163.69664254833,57.10648,-3626.30811193515
4163.69664254833,57.10648,-3625.98729001145
4163.69664254833,57.10648,-3625.66613877514
4163.69664254833,57.10648,-3625.34466686475
